,Volume3d,BaryCenterX,BaryCenterY,BaryCenterZ,Anisotropy,Elongation,Flatness,VoxelFaceArea,GreyMass,EqDiameter
0,38500000,1450.78,1623.49,230.689,0.736204,0.643559,0.409902,1070000,38500000,418.9421293
1,119000000,1281.86,2432.82,361.503,0.313225,0.926885,0.740949,2180000,239000000,610.2616979
2,18000000,2149.62,2230.05,239.867,0.685352,0.724867,0.434077,563544,54100000,325.1556421
3,9540000,1126.24,1862.02,154.955,0.615505,0.424493,0.905775,366464,38200000,263.1378069
4,5680000,3084.62,2648.38,179.033,0.730433,0.397933,0.677418,273136,28400000,221.3688817
5,21200000,924.948,1464.66,181.898,0.513049,0.56318,0.864645,731480,127000000,343.3832285
6,3088,886.839,1455.13,40.8705,0.270101,0.796999,0.915809,1472,21616,18.06728477
7,39700000,1607.72,991.426,309.256,0.639355,0.855549,0.421537,967416,318000000,423.2503197
8,7730000,950.189,2243.99,159.15,0.633039,0.460797,0.796361,312712,69600000,245.3166115
9,17700000,1428.45,3031.85,229.924,0.620364,0.585638,0.648244,566696,177000000,323.3390922
10,3304,2859.07,1921.19,68.6489,0.258706,0.890378,0.832561,1488,36344,18.47908538
11,7080000,2996.41,3080.38,195.597,0.703821,0.527125,0.561876,296816,85000000,238.2382801
12,39600000,2487.3,1425.5,319.775,0.602727,0.742002,0.535407,937168,515000000,422.894647
13,21400000,2899.77,2380.33,305.984,0.680072,0.682504,0.468756,642184,300000000,344.459672
14,5770000,1892.78,2294.86,241.483,0.573779,0.714242,0.596746,268952,86600000,222.531962
15,37000000,1436.32,1893.35,332.582,0.676551,0.735846,0.439561,938096,591000000,413.4290923
16,30100000,1133.41,1623.98,348.313,0.718533,0.723265,0.389162,804264,511000000,385.9425166
17,7270000,2384.61,1671.98,312.287,0.796885,0.373522,0.543785,335048,131000000,240.3506289
18,4240000,3168.27,2776.86,244.361,0.827116,0.278172,0.621499,227176,80600000,200.8117302
19,10600000,1967.1,1823.78,288.375,0.589884,0.790088,0.519076,385800,211000000,272.5434491
20,6870000,1537.83,3200.51,323.346,0.643418,0.468676,0.760828,291920,144000000,235.8591369
21,6180000,2883.99,1607.55,311.461,0.594394,0.717074,0.565641,291672,136000000,227.682657
22,20500000,1159.13,1386.53,366.288,0.628562,0.809491,0.458853,612496,473000000,339.5614762
23,8660000,1148.11,2000.69,314.451,0.766383,0.294927,0.792117,354288,208000000,254.7845505
24,5740000,3303.66,2848.76,318.908,0.630079,0.455599,0.811944,260248,144000000,222.145621
25,5550000,1764.69,1643.75,317.551,0.553319,0.655155,0.681794,256440,144000000,219.6669838
26,10240,1833.97,1553.46,193.909,0.656396,0.40626,0.845774,3376,276480,26.94224482
27,2900000,1486.93,2772.31,275.346,0.781178,0.409758,0.534027,167984,81100000,176.9293133
28,4640000,2323.79,1008.57,299.61,0.694133,0.758019,0.403509,228728,135000000,206.9377802
29,144376,2278.97,3288.92,229.511,0.566845,0.564086,0.767889,20824,4330000,65.08768039
30,2030000,2479.99,2154.88,278.947,0.479915,0.937249,0.554907,132448,62800000,157.0962453
31,7480000,3115.57,2885.27,356.223,0.672817,0.507101,0.645203,314792,239000000,242.6429395
32,3230000,2303.3,1225.68,298.661,0.8399,0.366747,0.436542,189984,107000000,183.4008314
33,10600000,2663.67,2479.01,382.85,0.703557,0.58313,0.508366,395656,360000000,272.5434491
34,16600000,1739.71,2378.42,377.125,0.512827,0.761097,0.640093,518536,583000000,316.4971633
35,12200000,2919.16,2553.87,389.891,0.662105,0.859678,0.393049,452584,439000000,285.6189837
36,5050000,1860.45,1510.94,327.463,0.674966,0.613997,0.529373,245552,187000000,212.8617289
37,13600000,1658.18,2821.06,404.029,0.70582,0.340267,0.864556,479088,517000000,296.1511536
38,9210000,2194,1705.35,355.527,0.673238,0.569523,0.573747,356032,359000000,260.0680508
39,2810000,2337.32,1832.06,331.759,0.556132,0.480505,0.923754,159672,112000000,175.0797425
40,1940000,2093.71,1967.15,304.449,0.579069,0.669911,0.628339,127888,79700000,154.7394454
41,37600000,2675.23,2204.61,465.505,0.641507,0.560988,0.639038,949096,1580000000,415.6518721
42,1750000,3099.62,2497.32,329.445,0.7143,0.450778,0.633792,123456,75300000,149.5132937
43,19700000,1075.49,1119.93,418.413,0.748732,0.69157,0.363329,613408,868000000,335.0856796
44,30000000,2087.2,1358.27,442.319,0.492929,0.869488,0.583183,801872,1350000000,385.5146421
45,39800000,1417.57,2062.31,547.075,0.689648,0.736516,0.421379,962632,1830000000,423.6053956
46,73600000,1078.63,2969.42,617.967,0.64287,0.549647,0.649745,1520000,3460000000,519.9477829
47,3910000,2355.52,3121.08,350.419,0.734683,0.442318,0.599833,207016,188000000,195.4606679
48,4610000,1949.66,2150.02,375.762,0.527937,0.758012,0.622764,231560,226000000,206.4908289
49,5380000,815.615,1030.02,387.203,0.736756,0.412175,0.638669,251040,269000000,217.40084
50,246320,2748.24,1469.31,294.628,0.664303,0.582567,0.576237,30144,12600000,77.77386547
52,13700000,2363.06,2179.95,456.341,0.712126,0.521214,0.552314,479664,726000000,296.8752424
53,6920000,2114.05,2736.7,388.06,0.676332,0.539522,0.599917,302448,374000000,236.4299502
54,476984,2719.21,1542.08,334.267,0.663001,0.475467,0.708774,48144,26200000,96.93971301
55,8390000,1076.94,2098.78,439.34,0.774292,0.306206,0.737111,355384,470000000,252.108669
56,8290000,1786.07,2592.82,406.3,0.648011,0.528345,0.66621,331776,473000000,251.1030393
57,17600000,1876.44,1947.82,433.028,0.601527,0.868183,0.458974,546816,1020000000,322.729017
58,36300000,1372.17,2783.94,562.861,0.780267,0.535647,0.41022,969136,2140000000,410.8052649
59,7712,1588.96,700.614,298.836,0.363375,0.837266,0.760362,2736,462720,24.51260496
60,20400000,2464.17,1958.92,483.874,0.670002,0.852278,0.387195,609072,1240000000,339.0084435
61,2090000,3059.79,2712.15,375.787,0.77443,0.624498,0.361202,134400,129000000,158.6289884
62,3210000,1098.19,2766.7,415.295,0.865775,0.286357,0.468732,192856,202000000,183.0215111
63,6200000,2437.63,2768.46,404.837,0.560715,0.619903,0.708635,281064,397000000,227.9280049
64,12200000,2552.27,3132.34,452.395,0.693245,0.565897,0.542068,443024,792000000,285.6189837
65,3370000,1324.86,1066.01,408.089,0.779158,0.323489,0.682689,186488,223000000,186.0131981
66,119000000,2911.15,1328.3,703.987,0.784536,0.548537,0.392798,2160000,7950000000,610.2616979
67,17600000,1383.53,1254.07,509.063,0.402714,0.761753,0.784095,582800,1190000000,322.729017
68,5648,2422.21,3241.03,322.878,0.234355,0.946237,0.809147,2176,389712,22.09523824
69,21300000,1732.47,2161.75,529.549,0.592917,0.764093,0.532766,614760,1490000000,343.9222925
70,12300000,2276.66,2892.89,468.308,0.529363,0.644722,0.729983,422744,874000000,286.3972409
71,29400000,1963.07,1611.04,540.804,0.390954,0.734401,0.82931,743880,2110000000,382.9272175
73,19500000,2173.98,1811.75,540.59,0.759414,0.60854,0.39535,587656,1440000000,333.9478587
74,28300000,1687.28,1750.06,587.982,0.680139,0.595718,0.536934,762992,2120000000,378.0906501
75,1810000,2288.85,2695.96,427.925,0.693605,0.533058,0.574787,119800,138000000,151.2028524
76,4700000,1389.76,1499.53,455.235,0.427138,0.648397,0.883505,224888,362000000,207.825936
77,7530000,1202.19,1760.49,509.976,0.677309,0.378004,0.853672,313472,588000000,243.1823875
78,4760000,1590.62,2647.28,451.096,0.688434,0.410431,0.759119,237840,376000000,208.7065649
79,27200000,2137.86,2021.83,579.655,0.735694,0.713059,0.370665,739528,2180000000,373.1270724
80,22400000,3008.48,2945.18,531.58,0.565572,0.648912,0.669472,698056,1810000000,349.7436182
81,15000000,2191.45,847.675,521.845,0.607565,0.676204,0.58035,528768,1230000000,305.9831742
82,4680000,2606.02,3268.15,516.268,0.862808,0.311951,0.439786,241696,388000000,207.5307283
83,12200000,2557.75,2920.62,496.399,0.677772,0.831621,0.387469,426640,1020000000,285.6189837
85,5060000,1555.91,1375.04,479.775,0.709776,0.546794,0.530773,249240,435000000,213.0021391
86,25600000,2062.94,2267.59,575.624,0.729819,0.543517,0.497098,741760,2230000000,365.6625198
87,51200000,2635.94,2620.43,625.221,0.546094,0.85131,0.533185,1110000,4510000000,460.7059058
88,4320000,1974.82,2643.1,481.37,0.431332,0.623212,0.912479,212344,385000000,202.0668361
89,16000000,1621.38,2952.2,562.936,0.797858,0.422194,0.478789,535904,1440000000,312.6370567
90,13500000,1399.3,3066.29,562.568,0.806013,0.341466,0.568099,483592,1230000000,295.4235066
91,1950000,1871.75,2764.13,478.14,0.417402,0.804328,0.724328,122760,179000000,155.0048652
92,359248,2711.28,1228.17,433.842,0.701631,0.586885,0.508393,39976,33400000,88.19932178
93,7210000,2623.68,1604.7,500.135,0.648074,0.497628,0.707208,323328,678000000,239.6875893
95,1460000,1952.28,3367.32,491.501,0.57718,0.486487,0.869129,99952,140000000,140.7509747
96,5050000,3038.88,806.067,548.207,0.839628,0.253554,0.632495,250608,490000000,212.8617289
97,5168,3432.62,2867.97,410.096,0.287062,0.80311,0.887721,2032,506464,21.45069136
98,18600000,2484.96,1739.08,603.528,0.683021,0.809405,0.39162,557056,1840000000,328.7290671
99,57300000,2417.62,2321.05,662.896,0.785956,0.580514,0.368715,1290000,5730000000,478.3201389
100,53200000,1600.13,2425.08,722.179,0.669063,0.609449,0.54301,1150000,5380000000,466.6282238
101,5120000,1792.68,1378.65,521.911,0.540119,0.80372,0.572191,244304,523000000,213.8407388
102,5020000,989.67,2608.65,564.608,0.691985,0.351294,0.876801,230096,517000000,212.4393831
103,7600000,1636.07,1146.37,526.95,0.616795,0.5466,0.70107,311200,791000000,243.9336177
104,78900000,2343.04,1494.58,762.325,0.692171,0.827691,0.371913,1490000,8290000000,532.1402716
105,36100000,1631.56,1486.57,672.016,0.609128,0.599852,0.651614,859296,3830000000,410.0494117
106,1660000,2789.29,942.287,510.647,0.665663,0.463516,0.721305,116848,177000000,146.9049699
107,1920000,2933.49,2678,511.889,0.620059,0.586301,0.648031,123784,207000000,154.2058568
108,668360,2864.07,833.008,499.538,0.648463,0.674481,0.521196,59440,72900000,108.4769026
109,2660000,2019.29,2815.72,531.541,0.618784,0.674675,0.565036,158496,293000000,171.9073075
110,11800000,1402.26,1684.39,631.625,0.566191,0.501144,0.865637,421584,1310000000,282.4627144
111,16900000,2796.71,2854.16,657.99,0.664665,0.684721,0.48974,570872,1890000000,318.3924011
112,19900000,2357.56,3013.15,685.716,0.763923,0.495451,0.47649,597768,2250000000,336.2158253
113,7000000,1938.36,2461.8,606.881,0.708754,0.62199,0.468249,306240,798000000,237.3375597
114,23900000,2782.85,3071.43,706.949,0.697582,0.550687,0.549165,697160,2740000000,357.3823439
115,5940000,1049.16,2426.35,591.596,0.784034,0.419375,0.51497,276864,689000000,224.6963102
116,242792,2331.38,1373.83,510.661,0.491017,0.612063,0.831585,29648,28400000,77.40076447
117,122000000,2196.66,2560.58,870.391,0.68525,0.56387,0.558195,1990000,14400000000,615.3474466
118,10900000,1702.3,1945.78,694.133,0.601184,0.505069,0.789626,418832,1290000000,275.0907317
119,38100000,1401.19,985.423,734.154,0.691171,0.638228,0.483886,932136,4570000000,417.4861936
120,27100000,1205.41,1863.72,741.302,0.695241,0.481113,0.633446,756128,3280000000,372.6692473
121,2620000,1255.72,905.338,572.305,0.670822,0.780709,0.421641,156088,320000000,171.041261
122,38000000,1873.95,1156.67,758.175,0.64238,0.520297,0.687338,910560,4670000000,417.1206188
123,27700000,1196.78,3170.13,779.93,0.831062,0.639209,0.264293,804000,3430000000,375.3995223
124,35600000,1099.35,1178.16,723.572,0.728829,0.63657,0.425989,915600,4440000000,408.1474855
125,9050000,1832.53,2626.12,646.462,0.724956,0.4412,0.623399,363464,1140000000,258.5532407
126,41488,2828.36,2430.46,539.578,0.834039,0.275192,0.603074,9968,5270000,42.95113312
127,44600000,1870.02,2806.21,823.895,0.82736,0.321357,0.537223,1110000,5710000000,439.9926403
128,9384,1539.35,1010.73,534.52,0.505397,0.651559,0.759108,3144,1210000,26.1695623
129,15700000,2149.08,2929.36,732.875,0.855283,0.279746,0.517314,535672,2040000000,310.6707339
130,2540000,1885.48,2013.74,647.621,0.704762,0.321465,0.918415,152416,333000000,169.2823573
131,1910000,2916.28,2532.01,628.672,0.706115,0.571402,0.514323,123912,252000000,153.9376722
132,67100000,1289.96,1422.39,846.481,0.528794,0.511016,0.922096,1470000,8930000000,504.1672518
133,10500000,1595.64,1220.83,712.742,0.726864,0.664106,0.411283,432624,1400000000,271.6836848
134,13500000,1842.31,2247.4,751.913,0.614691,0.725046,0.531427,487384,1830000000,295.4235066
135,9480000,1641.84,2672.19,732.756,0.786242,0.46492,0.459774,377936,1290000000,262.5849948
136,4010000,1117.74,1604.91,691.041,0.853086,0.50041,0.293587,227576,549000000,197.112992
137,19300000,864.429,3212.51,742.17,0.716533,0.454018,0.624353,594752,2670000000,332.8022309
138,5150000,2411.38,2826.91,695.325,0.757773,0.579592,0.417927,251112,715000000,214.2575834
139,1710000,1923.99,2106.08,689.232,0.816414,0.343835,0.533935,122928,239000000,148.3653536
140,14500000,2636.14,1824.99,807.361,0.731493,0.285458,0.94062,516584,2040000000,302.54487
141,18100000,888.462,1345.01,789.585,0.735219,0.609919,0.434126,644160,2570000000,325.7566705
142,6160000,1099.47,2087.57,723.74,0.758962,0.600781,0.401208,282736,881000000,227.4367792
143,126000000,2786.23,2257.06,1051.41,0.761573,0.54788,0.435182,2170000,18200000000,622.000367
144,2370000,2909.18,2685.4,700.634,0.782382,0.310574,0.700695,148136,344000000,165.4181811
145,22600000,1941.62,1804.78,801.914,0.58095,0.652967,0.641762,642064,3300000000,350.7814392
146,1760,1147,1046,607,0.253947,0.746053,1,960,258720,14.97975402
147,15500000,1479.01,2182.34,775.704,0.790019,0.50858,0.412877,522416,2300000000,309.3458959
148,11600000,2508.95,2012.85,758.572,0.703019,0.791639,0.375147,428144,1730000000,280.857778
149,7210000,2571.25,2937.86,775.193,0.73917,0.425369,0.613186,301248,1080000000,239.6875893
150,126000000,1049.53,2569.47,1031.32,0.711941,0.480864,0.599046,2300000,19000000000,622.000367
151,25200000,3087.77,3110.54,809.222,0.703476,0.512322,0.578784,730512,3820000000,363.7480213
152,6310000,1273.42,2386.01,744.052,0.5443,0.579874,0.78586,274080,965000000,229.2680721
153,20400000,2525.06,3132.05,853.352,0.707527,0.895769,0.326505,622128,3150000000,339.0084435
154,3080,715.174,773.174,632.54,0.376309,0.677609,0.920429,1456,477400,18.05166913
155,10400000,1930.65,1432.15,784.306,0.46398,0.686236,0.781102,391728,1620000000,270.8184443
156,9290000,2696.92,1578.11,836.177,0.86557,0.305206,0.440457,404664,1460000000,260.818883
157,2170000,3232.96,826.758,720.699,0.68869,0.460382,0.676198,131520,343000000,160.627674
158,710976,2074.02,1327.38,713.203,0.720632,0.361109,0.773639,63312,113000000,110.735135
159,44600000,2050.72,3070.25,971.018,0.629421,0.65185,0.568503,1110000,7130000000,439.9926403
160,31300000,2814.84,1987.71,924.965,0.859403,0.519934,0.270412,895560,5040000000,391.0046345
161,4376,2325.89,1860.17,675.879,0.396541,0.642035,0.939917,1840,708912,20.29362186
162,14700000,1111.06,2245.99,811.062,0.570236,0.880667,0.487998,490944,2390000000,303.929534
163,1650000,2996.68,2797.85,757.88,0.703093,0.485247,0.611868,111464,270000000,146.6093857
164,37000000,1528.48,1808.89,916.012,0.617712,0.628763,0.608001,974408,6100000000,413.4290923
165,9670000,2276.33,2047.54,861.057,0.856082,0.34679,0.415001,405736,1610000000,264.3276636
166,45800000,2315.91,1782.28,946.735,0.713967,0.68741,0.416103,1060000,7650000000,443.9038911
168,9610000,2578.33,2728.37,871.846,0.674476,0.662169,0.491602,367360,1620000000,263.7798327
169,9720000,855.094,1105.15,883.44,0.770088,0.415404,0.553467,400640,1650000000,264.7824609
170,4580000,3021.67,3293.19,874.004,0.769828,0.330269,0.696923,226192,782000000,206.0419344
171,23600000,1401.32,2527.69,946.274,0.686061,0.526935,0.595784,686048,4060000000,355.8807197
172,13200000,2090.97,2255.69,894.624,0.795738,0.532118,0.383867,486408,2290000000,293.2187714
173,80088,2895.98,2575.21,757.738,0.599545,0.552278,0.725097,14128,13900000,53.47977959
174,2312,991.626,3427.86,733.862,0.147934,0.904627,0.941897,1160,404600,16.40576183
175,5060000,2923.4,2900.33,871.748,0.653972,0.431185,0.802504,238344,891000000,213.0021391
176,2450000,1883.83,2434.05,835.543,0.640164,0.912503,0.39434,146616,433000000,167.2588683
177,13500000,2842.7,3174.19,957.653,0.755647,0.5827,0.419346,477448,2410000000,295.4235066
178,5770000,1021.82,3300.18,912.827,0.80486,0.224004,0.871148,272152,1030000000,222.531962
179,6290000,2060.42,1595.36,907.071,0.731004,0.571882,0.47037,292368,1130000000,229.0255885
180,28800000,1357.72,2815.05,993.758,0.782373,0.522929,0.41617,803840,5210000000,380.3043461
181,4280000,1420.39,1168.76,879.988,0.757009,0.548883,0.442702,228272,779000000,201.4412382
182,738736,1117.26,1641.53,836.244,0.631028,0.378881,0.973849,62480,135000000,112.157989
183,348000000,1899.61,1846.49,1368.85,0.716777,0.524551,0.539935,4650000,64100000000,872.6904174
184,12600000,1597.98,2738.4,961.659,0.745837,0.398531,0.637749,452912,2330000000,288.7069958
185,19100000,1816.64,1563.96,967.119,0.598181,0.645478,0.622514,564528,3550000000,331.6486611
186,166000000,1243.06,1921.21,1212.15,0.54634,0.62583,0.724893,2790000,31000000000,681.872468
187,1830000,3045.76,991.886,909.471,0.74005,0.552005,0.47092,118312,344000000,151.7577303
188,56800000,2835.82,2610.53,1130.03,0.743974,0.496871,0.515277,1260000,10700000000,476.924798
189,9700000,2226.16,3220.22,964.803,0.783174,0.572233,0.378913,391944,1840000000,264.6007296
190,2980000,3177.76,954.849,923.711,0.646501,0.526724,0.671128,161640,570000000,178.5415143
191,5760000,879.598,2108.89,925.864,0.594807,0.877968,0.461512,257992,1110000000,222.4033308
192,2760000,1065.81,1500.6,908.447,0.761303,0.482416,0.494795,161992,533000000,174.0350891
193,20700000,1567.84,989.433,1001.07,0.666875,0.910218,0.365984,646432,4020000000,340.6621694
194,7110000,2561.45,1585.6,1004.45,0.656005,0.691825,0.497228,319184,1390000000,238.5743007
195,14800000,2694.82,2872.94,1028.42,0.71576,0.633899,0.4484,495160,2900000000,304.6171597
196,1760,2293,3114,849,0.253947,0.746053,1,960,346720,14.97975402
197,4530000,2013.77,1350.29,949.968,0.473593,0.692687,0.75995,219240,897000000,205.2894005
198,24700000,2418.87,2738.39,1092.04,0.781492,0.441205,0.495253,712464,4910000000,361.3261916
199,7870000,1396.38,2288.16,978.745,0.721829,0.564704,0.492596,328112,1570000000,246.7887567
200,79200000,1719.02,1205.15,1148.62,0.67698,0.53437,0.604488,1480000,15900000000,532.8138676
201,5050000,2543.3,2029.8,966.135,0.677726,0.682309,0.472329,242288,1020000000,212.8617289
202,22500000,1514.02,1519.34,1088.11,0.683815,0.860314,0.367523,659448,4570000000,350.2632975
203,1020000,1681.56,2215.32,933.163,0.794726,0.574437,0.357348,83928,209000000,124.8917784
204,92100000,1740.84,2420.24,1222.57,0.629529,0.778866,0.475655,1790000,18900000000,560.2996304
205,13352,2305.91,3062.49,899.27,0.731004,0.499694,0.538321,4144,2750000,29.43399649
206,8310000,1029.03,956.354,1015.32,0.581752,0.563869,0.741746,332832,1720000000,251.3048096
207,12200000,967.107,3049.44,1023.82,0.438765,0.906799,0.618919,410120,2540000000,285.6189837
208,9520000,1264.25,1038.09,1035.98,0.610807,0.679374,0.572869,348928,1990000000,262.9537944
209,2910000,1128.38,1667.32,986.326,0.615542,0.515023,0.746486,167520,610000000,177.132447
210,7720000,2287.76,2913.23,1097.18,0.80828,0.290921,0.659011,339952,1630000000,245.2107803
211,8080000,2468.67,2958.58,1058.62,0.753107,0.428698,0.575913,339496,1710000000,248.9645885
212,1720000,1558.19,2163.07,979.104,0.331627,0.962493,0.694419,112328,366000000,148.6540029
213,22600000,2343.22,2125.92,1102.63,0.413306,0.905561,0.647878,657808,4830000000,350.7814392
214,1216,1171,915,916,0.362059,0.795163,0.802277,752,261440,13.24275418
215,9590000,1030.84,1170.01,1050.82,0.573088,0.756961,0.563981,346928,2070000000,263.5967158
216,3870000,906.884,1397.43,1021.84,0.805216,0.36022,0.540737,209816,840000000,194.7918494
217,9150000,2749.6,1643.57,1060.17,0.626077,0.462521,0.808447,344328,2000000000,259.5020685
218,523160,1044.56,1355.67,993.396,0.636745,0.644464,0.563655,51448,115000000,99.97205887
219,2690000,1788.29,1701.77,1065.81,0.861521,0.329594,0.420149,167888,592000000,172.5511611
220,14700000,846.787,3164.52,1161.54,0.863708,0.321255,0.424248,541992,3250000000,303.929534
221,18832,1141.77,2988.73,961.793,0.839945,0.246491,0.649335,5624,4180000,33.00901825
222,6700000,2886.28,2963.06,1100.06,0.654934,0.48646,0.70934,282848,1490000000,233.8973996
223,4672,1961.01,814.993,963.315,0.481351,0.569966,0.909964,1952,1050000,20.74124098
224,9410000,2545.65,2503.47,1154.08,0.770607,0.409506,0.560171,380168,2120000000,261.9370912
225,6290000,2671.43,3018.32,1112.08,0.699346,0.867421,0.346607,285424,1420000000,229.0255885
226,5670000,2862.65,1421.59,1097.11,0.685237,0.397005,0.792844,252112,1290000000,221.2388941
227,11600000,2133.58,2746.84,1155.46,0.744294,0.557953,0.458293,425312,2640000000,280.857778
228,20600000,1135.41,1466.29,1150.86,0.562232,0.866251,0.505359,603848,4720000000,340.1127133
229,25400000,1276.06,2948.99,1171.9,0.713792,0.597802,0.478768,728512,5840000000,364.707783
230,4120000,3076.72,899.679,1076.44,0.617922,0.423383,0.902441,203344,952000000,198.8991213
231,10700000,939.63,2177.74,1149.83,0.774099,0.727438,0.310544,437272,2480000000,273.3978228
232,3656,972.915,1320.18,986.862,0.31465,0.73381,0.933962,1608,851848,19.11330785
233,3020000,3132.92,2064.71,1108.42,0.735092,0.722254,0.36678,167440,706000000,179.3368099
234,35100000,2062.91,1387.41,1245.31,0.785023,0.703615,0.305532,938096,8260000000,406.2276665
235,5040000,945.394,1288.91,1129.39,0.724591,0.570366,0.482863,248600,1190000000,212.7211333
236,11900000,1558.77,2206.18,1207.6,0.885174,0.302725,0.379306,496920,2810000000,283.2583883
237,5210000,1384.23,1157.46,1140,0.42565,0.722416,0.79504,245744,1240000000,215.0864411
239,7650000,3041.22,1342.71,1176.78,0.561809,0.573228,0.764428,323304,1840000000,244.467391
240,13800000,3282.55,1926.89,1209.92,0.670791,0.455666,0.722478,483464,3340000000,297.5958162
241,2700000,3312.58,2092.44,1145.16,0.791421,0.489157,0.426405,160504,653000000,172.7647147
242,6848,2322.04,1941.71,1030.01,0.683103,0.345207,0.917991,2720,1660000,23.56071015
243,193000000,2583.73,1803.22,1463.95,0.514958,0.680402,0.712876,3090000,47000000000,717.0006712
244,5230000,1704.51,3284.68,1129.94,0.735568,0.466323,0.567058,251256,1280000000,215.3613123
245,44200000,915.91,2788.46,1297.43,0.693899,0.683103,0.448103,1050000,10900000000,438.6733141
247,9450000,2330.24,1530.74,1198.7,0.56227,0.868625,0.503935,366032,2340000000,262.3077137
248,5340000,2675.49,3167.09,1147.27,0.66319,0.517855,0.650395,253296,1330000000,216.8607115
249,18200000,3063.93,1049.21,1212.23,0.807031,0.453563,0.425452,582448,4550000000,326.3554893
250,93700000,1103.27,3062.55,1460.55,0.73033,0.466809,0.577689,1750000,23500000000,563.5256079
251,12800000,2135.59,3280.24,1198.78,0.543222,0.646254,0.706809,445568,3230000000,290.2265343
252,3060000,896.474,831.39,1154.61,0.605015,0.723282,0.5461,169608,773000000,180.1251137
253,4640000,2142.63,2234.82,1200.44,0.801029,0.367514,0.541398,239856,1180000000,206.9377802
254,9136,3089.1,3098.36,1073.05,0.528435,0.745795,0.632298,3104,2330000,25.93696501
255,116000000,3059.26,3019.76,1477.22,0.659458,0.610792,0.557542,1970000,29700000000,605.0897399
256,14600000,3040.64,1882.12,1255.56,0.54955,0.726036,0.620424,476608,3760000000,303.2387826
257,4030000,1390.75,2315.11,1192.86,0.539807,0.722433,0.637005,205536,1040000000,197.4401511
258,235160,743.832,1341.93,1122.66,0.620231,0.545408,0.696302,28888,60900000,76.58110168
259,21500000,2391.84,2322.15,1290.58,0.346299,0.748356,0.873516,706056,5600000000,344.9953799
260,188000000,1756.74,2756.14,1494.41,0.656742,0.625221,0.549019,2680000,49100000000,710.7547034
261,15300000,1209.29,1245.62,1265.34,0.620312,0.647375,0.586504,489256,4000000000,308.0096119
262,13900000,2917.04,1687.43,1276.94,0.834061,0.350834,0.472984,509880,3650000000,298.3129174
263,4350000,1767.63,3142.02,1218.46,0.72752,0.530285,0.513836,215856,1150000000,202.5335048
264,9900000,1459.87,3118.82,1254.6,0.620244,0.754213,0.503513,369040,2620000000,266.4069338
265,11100000,853.973,1396.15,1285.27,0.594493,0.708184,0.572601,406632,2950000000,276.7630569
266,8410000,1462.13,1266.78,1293.11,0.780804,0.413709,0.529831,358280,2240000000,252.3088347
267,1700000,1821.37,1601.79,1212.44,0.602238,0.544094,0.731055,110200,456000000,148.0755768
268,6350000,1225.28,1070.61,1271.55,0.764997,0.627955,0.374235,275688,1710000000,229.7515064
269,14900000,1385.86,2569.74,1334.63,0.781906,0.512012,0.425955,539960,4030000000,305.3016949
270,7610000,2732.95,2999.56,1320.07,0.727941,0.456115,0.59647,322672,2060000000,244.0405592
271,11200000,1988.99,3090.77,1327.52,0.731226,0.467817,0.574528,425608,3050000000,277.5916938
272,6340000,2043.12,2577.97,1286.4,0.785199,0.399911,0.537121,285808,1730000000,229.6308386
273,13200000,2874.01,1490.9,1309.01,0.642746,0.688839,0.518632,448432,3600000000,293.2187714
274,11100000,1735.75,1410.02,1327.86,0.7923,0.732017,0.283737,428728,3060000000,276.7630569
275,131368,3064.54,759.374,1202.67,0.44613,0.666257,0.831317,19112,36300000,63.07108787
276,12000000,996.005,2261.33,1352.79,0.602355,0.855135,0.465009,436448,3320000000,284.0496169
277,3290000,1434.46,1034.46,1282.98,0.624733,0.875949,0.428412,170808,915000000,184.5294803
278,15400000,2610.11,2792.84,1335.84,0.719859,0.637239,0.439618,510912,4300000000,308.6792001
279,20300000,2106.18,2311.72,1381.73,0.650957,0.698503,0.499701,591600,5690000000,338.4536005
280,5680,1205.51,3435.82,1197.09,0.441108,0.747128,0.748054,2216,1600000,22.13688817
281,2740000,3175.87,3356.35,1290.89,0.757101,0.478675,0.50744,164616,772000000,173.613695
282,6240000,970.556,1713.77,1337.46,0.809853,0.470742,0.403931,295224,1770000000,228.4171223
283,38560,1564.08,3239.19,1216.18,0.291091,0.845094,0.838852,8328,11000000,41.91596486
284,2020000,2142.47,2875.71,1257.72,0.682183,0.655148,0.485108,127816,577000000,156.8378628
285,7944,2340.86,3326.32,1211.69,0.621463,0.475417,0.79622,2952,2270000,24.75598463
286,6070000,2257.95,2558.34,1332.85,0.63414,0.647074,0.565407,270256,1740000000,226.323694
287,19800000,2908.7,2753.71,1401.92,0.739164,0.423242,0.616281,616264,5700000000,335.6517038
288,25000000,3171.25,2093.06,1418.09,0.569715,0.676957,0.635617,702512,7210000000,362.7831679
289,185000000,2995.18,1165.47,1687.78,0.642906,0.677045,0.52743,2640000,53600000000,706.9538035
290,32400000,1311.3,2314.68,1480.65,0.629219,0.6333,0.585474,848448,9420000000,395.532459
291,10048,1530.08,951.059,1242.72,0.821907,0.231076,0.770712,3504,2930000,26.77279225
292,4064,1011.81,1663.65,1233,0.382366,0.646377,0.955532,1736,1190000,19.79938462
293,6560000,2970.45,2329.91,1339.4,0.69885,0.331012,0.909787,292216,1930000000,232.2567827
294,13600000,986.766,1527.77,1391.49,0.728449,0.810869,0.334889,460368,4000000000,296.1511536
295,1880000,3385.79,2931.19,1354.81,0.871215,0.26247,0.490664,130152,558000000,153.1274589
296,4432,1568.41,937.477,1259.44,0.540074,0.52766,0.871633,1832,1320000,20.37982153
297,674352,1369.43,3379.14,1322.11,0.734011,0.336553,0.790334,62344,201000000,108.800112
298,5590000,1378.95,2136.92,1401.33,0.813224,0.582528,0.32063,271336,1670000000,220.1934496
299,17700000,2644.19,2316.61,1448.45,0.649209,0.947352,0.370286,560680,5300000000,323.3390922
300,8980000,2341.77,1573.51,1436.49,0.782622,0.490059,0.443575,364368,2700000000,257.8848948
301,16600000,1596.71,3140.2,1453.77,0.699171,0.674653,0.445903,527584,5000000000,316.4971633
302,67100000,2282.77,2647.85,1605.45,0.757243,0.60862,0.398864,1490000,20300000000,504.1672518
303,12900000,2549.08,2545.71,1401.52,0.799671,0.645645,0.310278,470640,3920000000,290.9803728
304,7340000,1949.24,1501.91,1398.72,0.76399,0.892218,0.264521,315176,2240000000,241.1195804
305,23200000,1261.48,2720.88,1473.04,0.574099,0.672171,0.633619,654744,7100000000,353.8586265
306,3300000,1385.89,3230.71,1385.54,0.768229,0.375091,0.617906,186096,1010000000,184.7162511
307,57800000,1375.76,1386.83,1525.02,0.695805,0.774942,0.392539,1250000,17800000000,479.7073861
308,7650000,1649.7,902.678,1438.69,0.831313,0.208327,0.809718,343256,2360000000,244.467391
309,15800000,2417.71,1379.6,1462.02,0.593484,0.898302,0.452538,497544,4910000000,311.3289366
310,18300000,3048.79,2485.33,1464.63,0.49099,0.820228,0.620571,548704,5700000000,326.9521186
311,4440000,823.918,1778.29,1411.08,0.633057,0.67594,0.542864,220416,1390000000,203.9207639
312,6720000,795.906,3187.32,1453.56,0.798219,0.40744,0.49524,330320,2100000000,234.1299021
313,45600000,2363.21,2903.4,1716.08,0.657049,0.629107,0.545139,1210000,14300000000,443.2568
314,2784,3156,1949,1324,0.291006,0.800423,0.885775,1288,876960,17.45380835
315,5930000,2162.33,1422.51,1468.09,0.720547,0.600812,0.465125,259864,1870000000,224.5701472
316,2190000,2251.38,2151.86,1427.54,0.599207,0.547044,0.732652,138464,695000000,161.1196454
317,2290000,2968.37,1962.47,1425.66,0.64808,0.734562,0.479088,142840,729000000,163.5355917
318,3820000,3301.97,3238.91,1455.75,0.722385,0.665373,0.417232,201928,1220000000,193.9493136
319,2880000,2650.22,1381.28,1455.57,0.556552,0.566884,0.782254,168512,922000000,176.5216406
320,5320000,3182.93,931.316,1491.55,0.878086,0.425371,0.286606,283224,1710000000,216.5896353
321,1600000,1822.68,877.833,1452.03,0.787076,0.258462,0.823813,111240,516000000,145.1132671
322,17700000,2926.02,2203.09,1526.53,0.565626,0.949573,0.457441,582120,5710000000,323.3390922
323,10400000,872.583,1579.24,1557.25,0.825975,0.451955,0.385051,402784,3370000000,270.8184443
324,35800000,1132.22,2028.98,1625.73,0.719457,0.598162,0.469009,914816,11600000000,408.9103797
325,10900000,1734.89,1217.31,1546.59,0.62852,0.696992,0.532976,412512,3550000000,275.0907317
326,35900000,2018.36,3185.63,1667.26,0.638521,0.573581,0.630215,960864,11700000000,409.2907617
327,2670000,3288.42,2226.42,1503.48,0.841006,0.51805,0.306909,174184,875000000,172.1224608
328,14500000,870.968,1909.95,1602.18,0.794048,0.623986,0.330058,518240,4790000000,302.54487
329,4020000,1524.42,2177.51,1539.49,0.721947,0.48398,0.574513,217120,1330000000,197.2767071
330,15900000,1072.94,2552.6,1583.03,0.625109,0.862263,0.434776,545624,5270000000,311.9843679
333,4780000,3212.18,2320.3,1549.24,0.516069,0.588738,0.821981,251736,1600000000,208.9984626
334,14300000,1141.05,1593.05,1598.26,0.768071,0.585643,0.396024,490816,4800000000,301.1474142
335,18600000,2730.63,2609.9,1602.3,0.550404,0.927451,0.484765,566000,6250000000,328.7290671
336,26800000,1402.75,2853.75,1697.35,0.77969,0.412145,0.534544,803032,9050000000,371.2889782
337,3010000,2570.72,1240.02,1561.41,0.711222,0.358442,0.805649,169744,1020000000,179.1386476
338,58200000,2050.15,2355.85,1712.23,0.71052,0.863038,0.33542,1260000,19700000000,480.8114346
339,3730000,3246.01,2527.54,1531.98,0.554908,0.577108,0.771246,194744,1270000000,192.4140303
340,19000000,2940.62,1537.48,1641.84,0.790862,0.668773,0.312718,591080,6490000000,331.0688545
341,48800000,1770.61,2128.7,1699.87,0.608265,0.917557,0.426932,1240000,16700000000,453.3918751
342,2330000,2714.4,1483.07,1526.05,0.697239,0.562515,0.538228,139312,798000000,164.4822732
343,15400000,1435.54,1635.52,1612.13,0.509663,0.843044,0.581628,506040,5300000000,308.6792001
344,22400000,2373.21,2234.79,1673.71,0.817509,0.330342,0.552432,685680,7720000000,349.7436182
345,6210000,2573.49,3227.72,1583.99,0.840748,0.396316,0.401832,306096,2150000000,228.050481
346,17100000,1836.24,1008.75,1614.34,0.565126,0.551236,0.788908,538480,5940000000,319.6434646
347,10300000,2736.38,2826.6,1599.61,0.581019,0.643577,0.651019,379040,3590000000,269.9476394
348,1760,3024,939,1463,0.253947,0.746053,1,960,614240,14.97975402
349,5110000,3224.14,1455.86,1615.2,0.827769,0.43451,0.39638,252104,1790000000,213.7014288
350,51600000,2830.42,2350.52,1785.55,0.647995,0.583837,0.602916,1120000,18100000000,461.9025499
351,13300000,928.883,1711.28,1649.92,0.729211,0.66703,0.405962,459096,4680000000,293.9573608
352,6130000,2703.55,3046.89,1607.86,0.777093,0.259129,0.860214,276248,2170000000,227.0669627
353,3024,1190,1243,1475,0.281642,0.857527,0.837709,1392,1070000,17.94159524
354,45200000,1817.03,1353.21,1741.68,0.760546,0.810933,0.295282,1090000,16000000000,441.9569192
355,15500000,1466.53,1969.3,1663.93,0.670967,0.563824,0.583575,500552,5510000000,309.3458959
356,10100000,1001.3,3246.53,1633.25,0.76679,0.579839,0.402198,408568,3600000000,268.188973
357,11700000,3019.13,1897.21,1650.85,0.754426,0.54265,0.452546,447008,4200000000,281.6625325
358,28500000,1041.62,2282.68,1723.95,0.722523,0.599887,0.462549,789296,10200000000,378.9792331
359,6280,1096.15,2437.99,1494.15,0.384086,0.836285,0.736488,2392,2260000,22.89041539
360,660384,3025.42,893.359,1544.63,0.571976,0.656307,0.65217,60200,238000000,108.0436648
361,12100000,3160.72,2630.83,1670.68,0.7436,0.635151,0.403683,441624,4370000000,284.836462
362,50000000,1308.89,3158.08,1789.01,0.669642,0.45919,0.719436,1390000,18200000000,457.0781497
363,17700000,2786.45,1995.02,1704.56,0.729037,0.570173,0.47523,589552,6450000000,323.3390922
364,3320000,873.201,1377.6,1616.55,0.851467,0.285649,0.519984,197944,1210000000,185.0886639
365,32800000,2183.84,2017.44,1770.9,0.792543,0.471364,0.44012,872600,12000000000,397.1535118
366,6976,1518.93,2412.47,1519.38,0.356072,0.659304,0.976679,2568,2560000,23.70660061
367,4320,1808.77,778.9,1520.44,0.467442,0.586761,0.907623,1840,1590000,20.20668361
368,8830000,1545.54,2317.11,1670.94,0.771324,0.350182,0.653019,411968,3260000000,256.4409402
369,1930000,2272.86,1468.55,1627.86,0.566483,0.680522,0.637036,122592,713000000,154.4731119
370,24700000,2186.53,1317.9,1739.48,0.577991,0.716978,0.588594,816592,9160000000,361.3261916
371,18800000,2504.52,2409.88,1760.08,0.572535,0.503273,0.84937,569632,6990000000,329.9031095
372,121000000,1365.38,2374.61,1985.19,0.761293,0.479823,0.497489,2160000,45200000000,613.6615547
373,3800000,1569.33,1495.81,1708.1,0.77145,0.594507,0.384437,203488,1420000000,193.6102406
374,36800000,2587.36,1313.34,1847.91,0.706827,0.572615,0.51199,932312,13800000000,412.6828288
375,5070000,1049.86,1405.65,1693.54,0.608654,0.5254,0.744853,240032,1900000000,213.1423643
376,65900000,3107.57,2079.1,1884.6,0.67308,0.737476,0.443296,1360000,24800000000,501.1436873
377,2384,992,2769.79,1574.21,0.133258,0.944345,0.917824,1168,901152,16.57432598
378,3810000,2980.4,2573.72,1693.17,0.745528,0.652471,0.390013,205984,1440000000,193.7799254
379,12500000,2601.64,2143.64,1762.86,0.709619,0.442319,0.656498,455352,4760000000,287.9411911
380,3780000,2408.35,1467.8,1703.59,0.647254,0.5699,0.618962,205048,1440000000,193.2699759
381,23300000,3205.04,2371,1808.81,0.746886,0.693959,0.364739,672424,8900000000,354.3663154
382,12900000,1222.91,1722.61,1753.29,0.616503,0.758679,0.50548,443416,4940000000,290.9803728
383,100000000,1701.57,2936.27,1957.69,0.652992,0.7294,0.475745,1750000,38500000000,575.8823823
385,50400000,2811.24,3100.01,1904.24,0.690409,0.763384,0.405551,1190000,19500000000,458.2937888
386,7110000,2306.55,1802.44,1808.83,0.827051,0.547833,0.315696,331696,2750000000,238.5743007
387,9430000,2571.7,2664.89,1802.89,0.652909,0.651467,0.532784,370144,3660000000,262.1225334
388,26000000,2247.87,1559.4,1874.7,0.522184,0.61615,0.775487,708704,10100000000,367.5571781
389,19400000,1989.39,1100.62,1834.36,0.628176,0.809745,0.459186,598600,7580000000,333.376029
390,9610000,1498.81,1730.71,1823.89,0.693365,0.467564,0.655814,374280,3760000000,263.7798327
391,79700000,2922.43,2691.18,1975.43,0.683641,0.611751,0.517137,1540000,31300000000,533.9327577
393,78800000,975.253,1118.44,2037.54,0.71202,0.534007,0.539281,1670000,31100000000,531.9153602
394,10100000,851.467,1405.04,1824.27,0.734811,0.627808,0.422405,416592,4010000000,268.188973
395,32100000,1342.44,2073.74,1901.84,0.734328,0.879314,0.302136,847008,12700000000,394.3078925
396,1550000,2638.5,2856.49,1772.77,0.745564,0.547224,0.464958,110096,616000000,143.5856456
397,227520,2047.75,2801.17,1746.09,0.736666,0.498597,0.528151,29512,90600000,75.74261917
398,16600000,2508.31,1894.15,1874.05,0.637358,0.936435,0.387258,545640,6640000000,316.4971633
399,4220000,1012.51,968.637,1825.97,0.808987,0.223394,0.855051,217248,1690000000,200.4954907
400,11900000,3151.29,1508.49,1867.35,0.498065,0.678572,0.739693,432408,4770000000,283.2583883
401,4704,2575.71,3081.91,1744.86,0.416096,0.723518,0.807034,1960,1890000,20.7884877
402,7810000,1019.84,1758.82,1882.3,0.775259,0.456596,0.49221,334144,3150000000,246.1599928
403,199000000,1315.78,1360.86,2163.43,0.658869,0.88449,0.385681,3030000,80300000000,724.3550374
404,24500000,2314.4,1050.26,1953.24,0.540469,0.867831,0.529516,678408,9910000000,360.3483081
406,8490000,966.947,1561.8,1870.09,0.683474,0.510841,0.619617,346656,3450000000,253.1063393
407,16900000,961.275,3058.95,1949.55,0.674793,0.923879,0.352002,613488,6890000000,318.3924011
408,414064,1198.8,1340.97,1803.51,0.371964,0.73081,0.859369,43512,169000000,92.47470409
409,771824,2058.03,2936.75,1833.76,0.722814,0.424119,0.653559,66032,316000000,113.808112
410,11600000,1697.54,1536.38,1929.65,0.637081,0.428598,0.84676,417960,4750000000,280.857778
411,6110000,2788.28,1509.17,1892.26,0.566066,0.746063,0.581632,276520,2520000000,226.8197475
412,42700000,2051.13,2691.92,2045.97,0.741714,0.549636,0.469922,1010000,17600000000,433.653728
413,30200000,1651.55,1824.12,2007.24,0.616351,0.778525,0.49279,864976,12500000000,386.3694445
414,4270000,918.785,2905.48,1929.35,0.903621,0.313962,0.306976,244592,1770000000,201.2842301
415,13200000,1756.97,2357.54,1956.57,0.479505,0.657712,0.791373,444304,5490000000,293.2187714
416,24000000,1295.76,1786.25,1988.52,0.751033,0.826483,0.301237,713896,10000000000,357.8800916
417,4088,2034.02,1451.13,1815.98,0.276406,0.932079,0.776322,1736,1710000,19.83828332
418,13100000,2325.3,1324.04,1988.6,0.519671,0.906855,0.529664,443800,5490000000,292.4764422
419,10400000,2720.46,2036.08,1966.23,0.49157,0.653757,0.777704,427624,4380000000,270.8184443
420,18000000,2072.63,876.464,2032.03,0.653309,0.755457,0.458916,572648,7570000000,325.1556421
421,15400000,1947.83,1445.91,1996.09,0.522674,0.864592,0.552082,487400,6490000000,308.6792001
422,40200000,2518.15,2793.55,2049.37,0.516757,0.487534,0.9912,1080000,17000000000,425.0197814
423,3740000,2018.35,2087.67,1942.58,0.586546,0.556166,0.743401,200336,1580000000,192.5858287
424,12700000,1836.57,2147.19,2021.93,0.49435,0.734571,0.688362,425040,5380000000,289.4687592
425,21600000,2660.67,2433.33,2061.05,0.697709,0.601141,0.502862,629248,9210000000,345.5294294
426,961904,3311.83,3338.17,1920.68,0.661508,0.497245,0.680734,75528,411000000,122.4741318
427,13900000,1981.27,2467.18,1992.21,0.719099,0.783545,0.3585,487872,5940000000,298.3129174
428,302800,3266.41,1651.63,1897.14,0.662798,0.692024,0.48727,35944,130000000,83.31421043
429,807400,2413.45,1704.74,1919.71,0.789281,0.316441,0.665905,71360,347000000,115.5305145
430,16100000,3217.59,2836.25,2061.19,0.747434,0.498893,0.506253,532480,6940000000,313.2870317
431,2980000,2554.72,2221.34,1939.98,0.557018,0.739977,0.598643,166000,1290000000,178.5415143
432,7440,2318.45,2719.13,1871.52,0.631439,0.446416,0.825599,2816,3220000,24.22096476
433,30300000,2537.99,1506.09,2056.73,0.707942,0.669652,0.436135,822832,13200000000,386.795431
434,32300000,2311.81,2289.77,2074.04,0.627362,0.859485,0.433559,815824,14000000000,395.1251133
435,14700000,1958.33,1890.55,2021.74,0.452518,0.862651,0.63465,508384,6400000000,303.929534
436,15400000,2134.96,2953.37,2041.51,0.775338,0.633007,0.354913,522072,6720000000,308.6792001
437,7160000,1633,2070.59,2009.93,0.672485,0.725794,0.45125,305840,3140000000,239.1322407
438,22800000,2357.78,2529.91,2072.12,0.669794,0.666262,0.49561,652408,10000000000,351.8131553
439,9020000,3007.28,2918.7,2078.89,0.787615,0.3652,0.581556,374880,3970000000,258.2672303
440,1180000,2116.56,1772.81,1945.87,0.573549,0.680159,0.626986,88664,522000000,131.1075781
441,3650000,2196.42,2116.74,1975.5,0.703064,0.601125,0.493967,194424,1610000000,191.0284627
442,3016,1598.8,2674,1898.8,0.245472,0.884639,0.852922,1384,1340000,17.92575976
443,2890000,2715.67,891.625,1982.13,0.494199,0.79198,0.638654,163024,1280000000,176.725712
444,28900000,3046.96,2374.87,2147.42,0.614136,0.789939,0.488473,759480,12900000000,380.7440046
445,20100000,1430.11,2697.22,2125.8,0.699381,0.834099,0.360411,629784,8970000000,337.3384241
446,95500000,2444.07,1983.09,2321.89,0.79583,0.408806,0.499431,1780000,42700000000,567.1112332
447,10700000,2065.44,1204.78,2051.11,0.558216,0.751877,0.587575,377208,4790000000,273.3978228
448,8650000,982.482,815.227,2047.86,0.66673,0.570987,0.583674,354120,3890000000,254.6864432
449,306544,2861.67,3306.19,1976.02,0.763406,0.496647,0.476383,35648,138000000,83.65618702
450,1640000,2530.31,890.349,2004.71,0.487178,0.641894,0.79892,112208,739000000,146.3126047
451,19800000,1690.01,2505.44,2137.12,0.746831,0.61817,0.409546,623168,8930000000,335.6517038
452,9140000,1785.25,1101.99,2058.16,0.67857,0.872934,0.368218,366008,4140000000,259.4074977
453,38300000,1003.25,2177.27,2168.32,0.804727,0.467343,0.417836,1100000,17400000000,418.2154286
454,4200000,2052.73,1616.07,2051.95,0.70471,0.667824,0.442167,226600,1910000000,200.1782505
455,276000000,2223.33,1548.53,2511.54,0.64665,0.413331,0.854885,3780000,1.26E+11,807.7993262
456,4880000,1511.46,3122.37,2099.11,0.753819,0.618873,0.397789,243680,2230000000,210.4458665
457,76900000,2688.5,986.072,2276.76,0.682022,0.571857,0.556045,1620000,35200000000,527.6054089
458,3640000,2018.15,2263.4,2069.09,0.390594,0.808052,0.754167,181400,1670000000,190.8538479
459,18500000,1849.11,1609.34,2189.87,0.664554,0.545512,0.614919,627008,8490000000,328.138888
460,13300000,2288.09,2753.08,2200.35,0.666768,0.633742,0.525816,472336,6120000000,293.9573608
461,2430000,2158.97,1960.37,2072.47,0.54455,0.786914,0.57878,146144,1120000000,166.8024981
462,5350000,2636.2,2228.19,2131.58,0.748039,0.573959,0.438989,243560,2480000000,216.9959958
463,8520000,1862.31,1211.78,2165.2,0.753932,0.572165,0.430065,351112,3950000000,253.4041117
464,11200000,2751.44,2839.72,2185.69,0.715819,0.788866,0.36024,419040,5190000000,277.5916938
465,6032,2273.54,1919.9,2028.91,0.483425,0.560361,0.921861,2352,2810000,22.58504205
466,3940000,1595.67,1591.68,2133.89,0.783632,0.343189,0.630462,238128,1840000000,195.9592942
467,53100000,2338.6,1094.06,2344.11,0.631928,0.588498,0.625442,1160000,24900000000,466.3356668
468,3530000,1768.42,1960.26,2143.88,0.387751,0.995351,0.615109,184272,1660000000,188.9116296
469,37500000,2018.46,2026.91,2296.25,0.716664,0.466863,0.606892,898384,17600000000,415.2830592
470,31400000,2844.45,2108.08,2261.49,0.494064,0.856118,0.590965,917504,14800000000,391.4205972
471,9250000,1347.87,2928.52,2155.13,0.770856,0.666821,0.343636,364968,4370000000,260.444008
472,2096,2514,1736,2045,0.257004,1,0.742996,1064,991408,15.87806414
473,2860000,2043.43,3029.1,2160.33,0.619553,0.705381,0.53935,168344,1360000000,176.1120762
474,3540000,1654.55,2182.04,2157.72,0.574644,0.577423,0.736645,197704,1680000000,189.0898482
475,8420000,3338.65,1367.83,2234.13,0.877966,0.310513,0.393007,374520,4010000000,252.4087986
476,12700000,1307.82,3092.37,2237.86,0.708101,0.695858,0.41948,463928,6070000000,289.4687592
477,10000000,2117.89,2396.95,2225.89,0.632201,0.708999,0.518758,381888,4790000000,267.3009235
478,4450000,2561.05,1274.98,2177.05,0.744934,0.616559,0.413693,218056,2130000000,204.0737427
479,20500000,1233.18,1838.08,2280.25,0.804824,0.423874,0.460458,637432,9830000000,339.5614762
480,46000000,3183.53,2094.22,2399.57,0.776444,0.390524,0.572451,1160000,22100000000,444.5491011
481,1120000,2833.84,2281.31,2154.04,0.773742,0.487053,0.464544,85640,539000000,128.8466506
482,849552,1159.73,812.21,2133.33,0.624455,0.48637,0.772138,70224,410000000,117.5070116
483,12800000,2048.52,983.587,2219.15,0.638336,0.759892,0.475941,444896,6170000000,290.2265343
484,19200000,1511.95,1911.75,2276.89,0.680526,0.551903,0.578858,590280,9320000000,332.2264474
485,33800000,1831.16,2257.48,2331.5,0.697742,0.756817,0.399381,859656,16400000000,401.1492883
486,2170000,3149.98,1052.12,2201.23,0.725916,0.741657,0.369557,136144,1060000000,160.627674
487,831560,1341.55,2051.59,2167.74,0.645607,0.548478,0.646138,67024,406000000,116.6715559
488,2170000,3009.29,1054.41,2226.84,0.798863,0.351824,0.571696,131112,1060000000,160.627674
490,22700000,1417.84,1643.39,2334.21,0.737866,0.463007,0.566156,686632,11200000000,351.2980547
491,12700000,2608.66,2535.82,2298.27,0.427216,0.804182,0.712257,424344,6230000000,289.4687592
492,2440000,1925.14,2945.38,2243.2,0.643282,0.525344,0.679018,145968,1200000000,167.0309949
493,13216,1659.33,2047.52,2163.64,0.499178,0.592944,0.844637,4096,6530000,29.33371957
494,16712,1212.23,2796.84,2175.94,0.561232,0.567591,0.773036,4848,8270000,31.72073693
495,5330000,2903.19,2925.84,2282.09,0.784729,0.769491,0.279757,262960,2650000000,216.7252581
496,8320000,2756.03,1297.36,2321.34,0.758053,0.496828,0.486984,357392,4130000000,251.4055734
497,6670000,1280.03,950.511,2306.31,0.839817,0.440515,0.363627,307368,3320000000,233.5477766
498,69800000,1725.68,1726.49,2531.9,0.708191,0.453533,0.643413,1350000,34800000000,510.8408279
499,13900000,1707.25,2025.66,2381.39,0.788624,0.456939,0.462591,468568,6970000000,298.3129174
500,2930000,2468.36,2852.37,2249.49,0.770537,0.497811,0.460944,167376,1470000000,177.5373226
501,836136,1659.19,1657.64,2250.75,0.802265,0.48999,0.403549,72648,420000000,116.8851755
502,20200000,1690.83,2580.71,2359.07,0.728773,0.789642,0.343481,616488,10100000000,337.8969324
503,114000000,1143.51,2852.98,2561.59,0.673016,0.628854,0.519969,2400000,57400000000,601.5920332
504,17200000,1959.63,2460.9,2409.41,0.664416,0.619482,0.541718,559000,8670000000,320.2653406
505,10800000,1907.09,2754.3,2343.14,0.747054,0.858338,0.294693,404552,5450000000,274.2468898
506,80900000,2189.52,2808.7,2510.06,0.546909,0.752328,0.602252,1710000,41000000000,536.5991328
507,15900000,1550.04,2973.91,2383.01,0.710348,0.710781,0.407512,493528,8080000000,311.9843679
508,22100000,2615.94,2903.86,2422.15,0.803843,0.441346,0.444451,733000,11200000000,348.1752401
509,718600,2089.91,2773.18,2266.31,0.749703,0.346552,0.722252,64384,366000000,111.1295435
510,11700000,2819.4,2416.83,2359.68,0.475334,0.770193,0.681213,417840,5980000000,281.6625325
511,45800000,2525.11,2229.15,2502.62,0.807407,0.450746,0.427276,1100000,23400000000,443.9038911
512,7790000,3102.2,2661.88,2379.11,0.698964,0.595966,0.505122,329240,4000000000,245.9496894
513,947960,2770.66,2652.07,2290.67,0.759169,0.45361,0.53092,79856,487000000,121.8794437
514,7900000,2952.13,2760.62,2391.43,0.640196,0.464948,0.773858,311840,4070000000,247.1019407
515,4990000,2034.22,1105.82,2363.31,0.689498,0.412809,0.752168,235160,2570000000,212.0153513
516,12800000,1278.81,1993.02,2396.52,0.715808,0.740323,0.383875,452232,6620000000,290.2265343
517,17000000,2520.68,1326.72,2429.11,0.786317,0.721285,0.296253,567616,8780000000,319.0191594
518,24800000,1369.95,2494.46,2424.36,0.610926,0.828584,0.469565,700352,12900000000,361.8131548
519,23200000,2396.87,2466.57,2484.81,0.826531,0.233248,0.743714,760488,12100000000,353.8586265
520,6620000,1510.34,2110.39,2381.73,0.666898,0.611121,0.545067,287984,3450000000,232.9627347
521,18300000,1810.4,2876.27,2491.34,0.757017,0.48006,0.506152,556416,9560000000,326.9521186
522,29300000,2222.59,2387.33,2576.68,0.816017,0.2107,0.873195,863296,15300000000,382.4925665
523,182544,2587.76,2781.33,2292.02,0.601076,0.577333,0.690978,24984,95700000,70.38114266
524,7128,1260.6,2689.18,2273.03,0.655847,0.464036,0.741652,2656,3740000,23.87754595
525,537648,3268.79,2681.94,2332.3,0.851349,0.187879,0.791205,55656,283000000,100.886519
526,6230000,1958.96,3062.12,2398.39,0.652596,0.666311,0.521385,272544,3280000000,228.2950394
527,2600000,3179.75,1104.65,2356.58,0.630361,0.825302,0.447883,150152,1370000000,170.6049293
528,17900000,1584.07,2732.54,2459.51,0.738663,0.526507,0.49636,578568,9450000000,324.5523835
529,16300000,1511.67,2278.82,2466.28,0.648931,0.658702,0.532971,526864,8640000000,314.5789516
530,11200000,858.404,2323.87,2427.89,0.571887,0.743492,0.575814,399120,5970000000,277.5916938
531,13000000,2937.03,1124.84,2455.93,0.652582,0.91468,0.379825,463904,6940000000,291.7303256
532,20600000,2708.46,2696.98,2480.27,0.528536,0.70596,0.667834,600456,11000000000,340.1127133
533,21500000,1560.01,1456.05,2523.58,0.795221,0.62383,0.32826,681456,11500000000,344.9953799
535,22900000,2169.14,2158.31,2519.81,0.816192,0.448537,0.409794,694248,12300000000,352.3267518
537,11300000,2440.15,2664.3,2489.84,0.87046,0.488191,0.265346,462288,6060000000,278.4154128
538,16600000,3025.72,2456.31,2492.35,0.705474,0.603444,0.488075,542056,8970000000,316.4971633
539,2310000,2876.24,2600.39,2402.21,0.778351,0.498929,0.44425,147432,1250000000,164.0102986
540,2060000,1101.42,2141.74,2383.85,0.709511,0.538741,0.539199,129048,1110000000,157.8663372
541,19000000,3256.52,2322.05,2518.66,0.719704,0.478329,0.585989,598896,10300000000,331.0688545
542,2050000,1219.31,3203,2393.92,0.51174,0.772532,0.632026,125112,1110000000,157.6104756
543,19900000,1150.98,2290.83,2487.91,0.596725,0.797307,0.505797,573024,10800000000,336.2158253
544,189840,1033.11,1100.71,2358.95,0.686123,0.429743,0.730383,28552,103000000,71.30659537
545,3792,1139.16,3159.16,2352.4,0.305171,0.734706,0.945725,1624,2070000,19.34742784
546,21700000,1160.68,956.513,2524.44,0.520158,0.726952,0.660074,705680,11900000000,346.061833
547,14100000,982.044,1912.78,2515.16,0.754585,0.669885,0.366354,478160,7730000000,299.7368669
548,25900000,1729.21,3079.93,2579.85,0.612034,0.796415,0.487141,715664,14200000000,367.0853455
549,1860000,1094.72,3161.09,2445.45,0.685279,0.522891,0.601887,118912,1020000000,152.5825167
550,973984,1154.06,3071.89,2436.23,0.831625,0.484025,0.347864,83168,537000000,122.9846945
551,5660000,910.09,3149.18,2496.38,0.727943,0.514892,0.528378,253504,3130000000,221.1087535
552,5010000,2164.4,932.099,2532.7,0.790342,0.349677,0.599578,242368,2770000000,212.2982273
553,18600000,3242.6,2535.15,2596.6,0.736543,0.582741,0.4521,595392,10300000000,328.7290671
554,83000000,2890.67,2147.08,2752.8,0.703707,0.657001,0.450978,1570000,46100000000,541.2025365
555,29500000,1261.57,2044.11,2624.45,0.612788,0.891055,0.434554,759104,16400000000,383.3608841
556,4950000,1084.41,3248.43,2528.95,0.794072,0.548447,0.375475,234424,2760000000,211.4473235
557,12000000,2458,816.806,2571.99,0.550802,0.546745,0.821586,422872,6690000000,284.0496169
558,26600000,2646.06,1108.11,2618.64,0.364145,0.715936,0.888145,796632,14900000000,370.3630666
559,5370000,1302.73,3087.3,2526.12,0.792771,0.341014,0.607685,262080,3010000000,217.2660595
560,9110000,1861.67,1403.91,2575.21,0.781098,0.811805,0.269648,382040,5110000000,259.123371
561,1760,703,2143,2420,0.253947,0.746053,1,960,989120,14.97975402
562,968344,903.91,2548.29,2482,0.822374,0.272538,0.651748,84064,545000000,122.7468478
563,37300000,1890.44,889.706,2745.62,0.555601,0.506496,0.877399,1070000,21000000000,414.5434618
564,5340000,2001.67,3208,2543.47,0.641076,0.576658,0.62242,238936,3020000000,216.8607115
565,16300000,1335.13,1743.32,2620.66,0.56879,0.690097,0.624854,500968,9200000000,314.5789516
566,22400000,1762.62,2305,2648.69,0.73101,0.630519,0.426617,658624,12700000000,349.7436182
567,15400000,2696.79,2445.42,2605.22,0.700555,0.817173,0.36644,503016,8720000000,308.6792001
568,1150000,1199.6,1635.35,2502.08,0.714906,0.565291,0.504331,87552,656000000,129.9869457
569,4820000,1093.59,1762.49,2556.14,0.699512,0.617721,0.486446,233320,2750000000,209.5798243
570,10200000,1510.41,1903.33,2633.63,0.840544,0.463947,0.343695,431872,5800000000,269.0711799
571,66900000,992.799,1278.22,2733.74,0.571029,0.82884,0.517555,1450000,38200000000,503.6658419
572,2488,922,2466,2460,0,1,1,1176,1430000,16.81191754
573,46900000,1801.55,2551.65,2733.55,0.745197,0.585073,0.435507,1150000,26900000000,447.4296292
574,7660000,1281.33,1449,2593.45,0.679754,0.355274,0.901405,319376,4400000000,244.5738663
575,2090000,2005.09,1141.06,2556.51,0.663765,0.551056,0.610165,132024,1200000000,158.6289884
576,1160000,2874.6,759.785,2534.86,0.559255,0.500253,0.881043,89208,668000000,130.3626326
577,3960000,2683.39,2003.47,2625.03,0.789983,0.417065,0.503561,224744,2290000000,196.2903071
578,62000000,3155.48,1045.17,2855.6,0.580951,0.441829,0.948442,1640000,35900000000,491.0560006
579,24900000,1628.84,2069.79,2702.91,0.594418,0.833111,0.486828,708304,14400000000,362.2988106
580,14000000,2915.84,2578.75,2670.28,0.695324,0.805347,0.378317,489312,8120000000,299.0265873
581,15400000,1912.22,2012.51,2657.6,0.633529,0.721486,0.507939,521912,8950000000,308.6792001
582,22700000,1106.08,1563.48,2715.87,0.760236,0.714126,0.335745,684952,13200000000,351.2980547
583,1910000,816.875,2999.65,2574.62,0.825567,0.290019,0.601452,134512,1120000000,153.9376722
584,2140000,2015.2,3065.75,2583.55,0.567116,0.651749,0.664188,131384,1250000000,159.8840167
585,7570000,2040.1,2222.49,2681.89,0.777299,0.323959,0.687436,324368,4440000000,243.6122291
586,638816,3269.04,764.747,2573.45,0.777913,0.40465,0.548838,62704,375000000,106.8543945
587,5240000,2497.29,2958.35,2630.07,0.732441,0.792189,0.337747,250496,3080000000,215.4984851
588,5770000,1512.11,2471.82,2650.1,0.579719,0.604233,0.695561,261024,3400000000,222.531962
589,6620000,2152.8,1065.83,2641.54,0.663086,0.811092,0.415384,292984,3910000000,232.9627347
590,13300000,2874.12,1157.58,2724.74,0.76653,0.593406,0.393441,475288,7890000000,293.9573608
591,9920000,1358.62,1159.77,2669.69,0.711081,0.503525,0.573792,417304,5870000000,266.5862118
592,6160000,2534,3115.28,2672.57,0.725428,0.456688,0.601224,276040,3650000000,227.4367792
593,11900000,2153.29,1892.46,2723.83,0.738693,0.903234,0.289302,463504,7070000000,283.2583883
594,14100000,831.878,1611.58,2719.26,0.824104,0.436291,0.403162,495304,8370000000,299.7368669
595,28800000,2340.64,1171,2784.45,0.776764,0.788573,0.283088,767864,17200000000,380.3043461
596,1780000,3222.18,1823.88,2643.33,0.795934,0.320503,0.636703,123632,1060000000,150.3628193
597,16100000,1448.59,1509.25,2774.29,0.606765,0.720918,0.545464,500800,9630000000,313.2870317
598,3370000,1946.65,1806.29,2716.16,0.846585,0.381465,0.402172,203888,2020000000,186.0131981
599,6900000,2128.77,3099.71,2709.97,0.777985,0.486035,0.456789,308128,4140000000,236.2019559
600,1472,2057,1193,2595,0,1,1,864,884672,14.11355422
601,9150000,1322.56,2340.62,2703.33,0.588231,0.632682,0.650832,417440,5510000000,259.5020685
602,31500000,1950.17,1152.56,2814.76,0.691916,0.7081,0.435086,815080,19000000000,391.8356777
603,452320,2635.53,872.879,2645.12,0.555557,0.778238,0.571089,46376,273000000,95.23919654
604,23100000,1928.66,2895.4,2791.62,0.610577,0.775296,0.502289,681056,14000000000,353.3494767
605,24700000,1627.57,2711.59,2845.13,0.852537,0.346933,0.425048,744104,14900000000,361.3261916
606,2960,1982,2453.26,2611.26,0.335718,0.66787,0.994628,1376,1800000,17.81411957
607,27300000,2304.05,2937.68,2847.03,0.636281,0.701887,0.518201,725464,16600000000,373.5837767
608,8210000,2501.96,2495.34,2748.23,0.697435,0.807217,0.374825,346536,5000000000,250.2926971
609,21800000,2011.19,2363.52,2848.06,0.578663,0.48381,0.870874,665360,13300000000,346.5926036
610,4030000,3322.46,1709.06,2747.35,0.832394,0.682588,0.245545,228168,2460000000,197.4401511
611,1820000,1929.6,3126.95,2701.3,0.767527,0.66041,0.352014,137784,1120000000,151.4807995
612,33100000,922.038,3203.44,2852.55,0.752001,0.794882,0.311994,857064,20300000000,398.3606728
613,11000000,2615.72,2655.46,2772.71,0.719956,0.788308,0.355248,401256,6730000000,275.9294282
614,11800000,2250.62,2505.68,2808.65,0.745423,0.651796,0.390578,419400,7270000000,282.4627144
615,3900000,2709.79,3291.93,2773.59,0.7932,0.290914,0.710864,214704,2400000000,195.2938925
616,57700000,1062.15,1729.14,2920.59,0.717462,0.839065,0.33673,1280000,35600000000,479.4305785
617,8280000,3271.47,2098.4,2787.93,0.572619,0.68415,0.624689,330560,5110000000,251.0020325
618,42100000,1593.66,1208.54,2918.03,0.680917,0.720699,0.44274,1050000,26000000000,431.6129744
619,44200000,1513.21,2225.65,2925.96,0.590034,0.781148,0.524826,1110000,27400000000,438.6733141
620,746600,2542.27,1754.42,2730.88,0.540622,0.600798,0.764613,65440,464000000,112.5545669
621,21000000,1670.49,3133.34,2865.21,0.625139,0.615817,0.608722,739856,13100000000,342.2999934
622,33400000,2643.14,2810,2917.58,0.687925,0.745526,0.418597,855368,20800000000,399.5605616
623,10200000,2400.52,2692.51,2829.89,0.532981,0.578019,0.807965,451928,6340000000,269.0711799
624,68800000,3041.08,1789.65,2999.69,0.674139,0.797791,0.408454,1390000,43000000000,508.3895386
625,17100000,2358.57,1980.99,2844.57,0.497286,0.773707,0.649748,522336,10700000000,319.6434646
626,18800000,1768.15,1434.77,2854.35,0.589823,0.714777,0.573853,562216,11800000000,329.9031095
627,2040000,2779.08,1889.18,2763.35,0.677437,0.602206,0.535635,132336,1280000000,157.3537806
628,77700000,1097.8,2083.26,2987.37,0.731703,0.599783,0.447323,1710000,48800000000,529.4286818
629,15400000,3111.41,2305.87,2888.76,0.791178,0.367136,0.568787,511696,9700000000,308.6792001
630,12400000,1297.15,1128.21,2893.16,0.8293,0.603682,0.282765,490616,7830000000,287.1712912
631,8300000,2607.47,1946.64,2856.78,0.687991,0.68934,0.45262,324952,5250000000,251.203965
632,2672,2098.19,2583,2713.81,0.262274,0.761338,0.968986,1272,1690000,17.21654269
633,2430000,2566.77,1288.35,2823.14,0.610102,0.473555,0.823341,158624,1540000000,166.8024981
634,11100000,2559.3,2295.81,2867.1,0.579433,0.836272,0.502907,393144,7020000000,276.7630569
635,3720000,2669.07,2469.89,2861.16,0.735332,0.419082,0.631542,198080,2370000000,192.2419247
636,344400,2607,1174.97,2788.51,0.660254,0.589521,0.576309,38512,219000000,86.96707032
637,12000000,2847.4,2370.86,2903.62,0.759807,0.631296,0.380475,444120,7670000000,284.0496169
638,102000000,1710.03,1709.9,3193.69,0.756593,0.42371,0.574466,1990000,65000000000,579.6962841
639,47200000,1924.29,1792.63,2985.37,0.580681,0.717002,0.584822,1230000,30200000000,448.38161
640,8540000,2129.73,1976.58,2899.64,0.693935,0.353932,0.864758,346544,5470000000,253.6022386
641,10900000,1917.95,2107.98,2889.37,0.606846,0.692839,0.567453,421008,6980000000,275.0907317
642,30500000,3083.37,2512.99,2958.44,0.764439,0.573816,0.410516,811408,19600000000,387.6446005
643,11500000,3231.99,2754.66,2902.82,0.566706,0.696615,0.622,451984,7430000000,280.0483851
644,44200000,2578.48,3045.18,3021.27,0.787384,0.588749,0.361132,1080000,28500000000,438.6733141
645,6192,1349.36,1834.21,2763.55,0.6203,0.507988,0.747458,2360,4000000,22.78299292
646,5008,1354.75,1336.85,2762.62,0.485309,0.709731,0.725192,2000,3240000,21.22699736
647,7530000,1438.02,1725.75,2878.26,0.697975,0.648013,0.466079,319480,4880000000,243.1823875
648,57500000,2593.87,1682.6,3054.18,0.702664,0.65795,0.451914,1250000,37300000000,478.8760025
649,13200000,1402.1,1920.71,2919.4,0.691421,0.490594,0.628991,483536,8570000000,293.2187714
650,8350000,1727.66,3292.48,2981.31,0.861314,0.376674,0.368185,386824,5440000000,251.7073811
651,40700000,1224.83,1334.47,3016.81,0.666158,0.663502,0.503152,1120000,26500000000,426.7746311
652,5720,2696.87,1244.62,2811.41,0.658861,0.445043,0.76653,2304,3740000,22.18873119
653,25700000,2637.53,1119.09,3052.33,0.698663,0.414044,0.72779,870856,16800000000,366.1380242
654,8870000,2270.58,1747.76,2970.11,0.662336,0.494068,0.683437,352992,5810000000,256.8275837
655,9370000,2555.26,2067.85,2987.42,0.759886,0.454062,0.528814,374912,6150000000,261.5654169
656,15100000,1606.38,2842.6,2990.8,0.718891,0.621108,0.452593,503856,9920000000,306.6616313
657,17900000,1288.09,2882.36,3015.71,0.704945,0.800203,0.368725,566912,11800000000,324.5523835
658,17100000,1994.51,2968.91,3043,0.715073,0.525538,0.542164,569904,11300000000,319.6434646
659,7510000,1514.42,1567.76,2981.69,0.782106,0.431477,0.504997,338808,4960000000,242.9668957
660,4180000,1497.92,3223.97,2979.49,0.618638,0.957272,0.398384,215512,2760000000,199.8600016
661,18300000,3212.28,2894.61,3106.49,0.82713,0.345663,0.500112,695136,12100000000,326.9521186
662,9890000,1611.54,3021.77,3025.17,0.699736,0.421195,0.712885,425336,6560000000,266.3172043
663,47600000,2946.89,2720.47,3143.48,0.731959,0.629575,0.425749,1130000,31600000000,449.6446635
664,12900000,2810.07,1079.67,3050.51,0.516317,0.902296,0.536058,481272,8550000000,290.9803728
665,66900000,2762.89,2434.27,3219.34,0.770663,0.609231,0.376437,1400000,44600000000,503.6658419
666,15500000,2258.31,3128.13,3050.28,0.645501,0.621785,0.570132,493672,10300000000,309.3458959
667,3312,1679.27,1622.73,2882.84,0.194509,0.859424,0.937245,1496,2210000,18.49398788
668,34500000,3175.27,903.486,3179.05,0.543038,0.630242,0.725058,1030000,23100000000,403.8996631
669,14500000,3159.43,2034.64,3062.7,0.704538,0.689953,0.428234,487528,9730000000,302.54487
670,18700000,2469.17,2393.81,3088.51,0.825661,0.402002,0.433677,635136,12500000000,329.3171347
671,7310000,1892.32,1239.68,3034.61,0.705798,0.472879,0.622151,306888,4910000000,240.790631
672,5120000,2473.17,2605.53,3039.12,0.743906,0.516799,0.495539,242944,3450000000,213.8407388
673,11100000,2412.87,1243.46,3070.87,0.572898,0.705349,0.605519,414640,7510000000,276.7630569
674,2390000,1723.24,1519.44,3017.76,0.751835,0.662793,0.374422,152696,1620000000,165.8821897
675,5240000,1068.27,3001.5,3051.54,0.637668,0.684883,0.529042,248040,3540000000,215.4984851
676,18600000,1287.5,3191.02,3143.44,0.839648,0.466953,0.3434,617272,12600000000,328.7290671
677,16000000,2136.52,1207.4,3090.09,0.584855,0.826165,0.502496,504088,10800000000,312.6370567
678,2312,2159.86,2423.63,2946.14,0.147934,0.904627,0.941897,1160,1570000,16.40576183
679,33800000,1197.5,2263.48,3175.94,0.694511,0.708824,0.430981,881600,23000000000,401.1492883
680,27800000,2526.27,3233.75,3161.6,0.778344,0.730611,0.303384,766848,19000000000,375.850724
681,7400,1149.12,3210.31,2971.29,0.472717,0.848057,0.621754,2688,5050000,24.17747999
682,7070000,1820.74,2316.85,3085.52,0.579778,0.730902,0.574936,296856,4830000000,238.1260623
683,36400000,1571.31,1305.98,3204.96,0.737564,0.695911,0.377111,953704,24900000000,411.1821507
684,27300000,1550.86,2334.94,3176.76,0.791774,0.519561,0.400773,810416,18700000000,373.5837767
685,11744,2575.58,1348.22,2992.19,0.799484,0.255396,0.785119,3808,8060000,28.2015172
686,2096,2249,2430,2980,0.257004,1,0.742996,1064,1440000,15.87806414
687,56200000,1714.38,2020.15,3294.85,0.793059,0.606843,0.341012,1240000,38700000000,475.2395373
688,5064,2552.95,1378.97,2987.22,0.480198,0.681607,0.762612,2008,3490000,21.30582513
689,17800000,2125.8,1544.12,3201.81,0.827834,0.26276,0.65522,604536,12300000000,323.9468739
690,15300000,1874.71,1396.89,3165.01,0.689788,0.406367,0.763377,507384,10600000000,308.0096119
691,11200000,2051.51,1363.3,3183.43,0.764115,0.297795,0.792104,445592,7720000000,277.5916938
692,2740000,3129.71,1518.96,3097.56,0.648791,0.636666,0.551638,160936,1900000000,173.613695
693,24200000,2688.74,2148.21,3196.7,0.721441,0.600437,0.463927,692016,16800000000,358.8714542
694,5620000,2589.55,1429.93,3101.63,0.763225,0.53809,0.440029,308960,3910000000,220.586653
695,28400000,1971.29,945.893,3215.88,0.791521,0.411744,0.506332,809264,19800000000,378.5354631
696,9220000,2968.07,2172.3,3132.09,0.535868,0.673271,0.689369,343968,6430000000,260.162142
697,1110000,2953.78,1154.82,3081.08,0.588495,0.562534,0.731521,85672,773000000,128.4620314
698,1770000,1417.12,2693.05,3083.17,0.706752,0.436494,0.671826,118384,1230000000,150.080712
699,9520000,2923.53,828.62,3189.32,0.799998,0.531612,0.376217,439136,6660000000,262.9537944
700,8020000,2467.07,1381.64,3182.16,0.792067,0.375125,0.554302,367984,5620000000,248.3468078
701,9930000,1331.65,1717.77,3170.55,0.570791,0.6769,0.634079,372432,6970000000,266.6757604
702,14200000,2725.83,1871.86,3197.84,0.749213,0.57589,0.435476,498808,9980000000,300.4437961
703,1130000,1882.47,816.964,3082.96,0.439059,0.77688,0.722043,84064,793000000,129.2289871
704,3820000,2220.03,2906.8,3125.71,0.584305,0.521638,0.796903,195024,2700000000,193.9493136
705,1100000,754.641,3156.1,3081.23,0.725908,0.546602,0.501448,89016,778000000,128.0750953
706,3072,1750.91,2452.7,3031.93,0.232542,0.954845,0.803752,1392,2170000,18.03602643
707,6630000,2381.27,2797.44,3140.03,0.481704,0.706377,0.733738,280352,4690000000,233.0799781
708,487720,1841.9,3123.75,3070.35,0.785329,0.451798,0.475148,50760,346000000,97.6616328
709,29100000,2209.41,1742.86,3274.14,0.820512,0.479271,0.374502,831792,20600000000,381.6202885
710,1980000,3233.55,2566.16,3117.5,0.618366,0.818143,0.466463,132312,1410000000,155.79572
711,10100000,1454.13,3054.94,3172.56,0.57102,0.778487,0.551044,419688,7180000000,268.188973
712,7990000,2775.73,3061.01,3201.71,0.749553,0.576518,0.434413,344584,5700000000,248.0367615
713,5000,3192.66,1439.07,3047.44,0.426019,0.792542,0.724228,2056,3570000,21.21568836
714,3700000,978.022,1297.67,3176.94,0.672397,0.516405,0.634391,212752,2640000000,191.8967858
715,7060000,2757.87,2871.03,3224.53,0.831377,0.409414,0.411866,333360,5060000000,238.0137387
716,7670000,1980.55,3121.77,3163.36,0.758449,0.662949,0.364359,316264,5500000000,244.6802491
717,4080000,2267.39,1412.38,3145.79,0.572053,0.680693,0.628693,197824,2930000000,198.2533404
718,11300000,1383.43,1929.17,3216.74,0.676229,0.480715,0.67352,424328,8140000000,278.4154128
719,6780000,1277.5,1070.87,3188.57,0.775305,0.500851,0.448627,304328,4880000000,234.8246537
720,17800000,3230.25,1352.32,3257.95,0.725303,0.539312,0.509348,572544,12800000000,323.9468739
721,6580000,2641.89,1332.46,3224.93,0.663981,0.566431,0.593221,331624,4750000000,232.4925765
722,9100000,1223.25,2973.92,3230.56,0.700877,0.826645,0.361852,354320,6580000000,259.0285235
723,29200000,1326.77,2466.04,3313.51,0.81814,0.524919,0.346454,820856,21200000000,382.0569254
724,2650000,1491.99,2893,3166.88,0.6903,0.506033,0.612017,152376,1920000000,171.6916142
726,5600000,2811.18,1255.05,3197.25,0.539472,0.736822,0.62502,252496,4070000000,220.3246733
727,25600000,2907.08,1510.94,3296.28,0.443718,0.891188,0.624203,750936,18600000000,365.6625198
728,3890000,1721.24,3120.55,3190.01,0.72561,0.595009,0.461153,202296,2840000000,195.1268317
729,6620000,2203.17,3237.67,3201.42,0.784801,0.474482,0.453545,292440,4830000000,232.9627347
730,9690000,1103.36,1749.67,3234.66,0.67942,0.585662,0.547381,359960,7090000000,264.5097702
731,439752,2873.91,2021.49,3147.95,0.613336,0.923914,0.418507,46768,322000000,94.34880423
732,614304,2803.4,1427.3,3168.1,0.709233,0.65727,0.442385,57752,450000000,105.4698286
733,35300000,3091.74,1124.42,3344.39,0.71926,0.59282,0.473567,888176,25900000000,406.9977681
734,16700000,3210.21,2089.64,3301.48,0.760431,0.61838,0.387414,540136,12300000000,317.1314279
735,28200000,1691.69,2920.78,3321.23,0.753372,0.515276,0.478632,839064,20800000000,377.6447881
736,8020000,2967.13,2902.36,3264.12,0.752614,0.735525,0.336339,337688,5910000000,248.3468078
737,442856,1085.14,1077.02,3174.76,0.593957,0.562195,0.722246,44064,327000000,94.57027173
738,3620000,1500.77,2749.97,3218.68,0.670393,0.583717,0.56467,193104,2670000000,190.5036566
739,19200000,2350.89,1485.16,3349.21,0.748921,0.709586,0.353838,606040,14200000000,332.2264474
740,2610000,2921.16,1003.12,3241.47,0.737137,0.478489,0.54936,157400,1930000000,170.8233738
741,1170000,3207.62,2683.03,3241.38,0.696114,0.484533,0.627173,86328,866000000,130.7361666
742,2968,1768.89,1158.89,3153.92,0.23305,0.92686,0.827471,1384,2210000,17.83015389
743,1220000,871.649,1595.93,3238.95,0.672158,0.395911,0.828071,91904,906000000,132.5725885
744,9020000,1074.28,1145.47,3303.37,0.78296,0.576893,0.376222,373128,6720000000,258.2672303
745,6370000,3171.05,1547.48,3299.51,0.598506,0.875825,0.458418,280000,4760000000,229.9924626
746,15500000,3238.1,1812.99,3381.52,0.775434,0.461912,0.486165,531400,11600000000,309.3458959
747,6360000,1358.62,2072.4,3331.5,0.650373,0.699788,0.499619,295896,4760000000,229.8720477
748,7140000,988.654,1864.37,3328.86,0.641147,0.698099,0.514043,309960,5350000000,238.9093774
749,7640000,2625.34,1151.64,3322.1,0.479556,0.539958,0.96386,305568,5730000000,244.3608228
750,8170000,2782.89,1311.57,3362.37,0.715207,0.896808,0.317563,340712,6140000000,249.8855509
751,15700000,1521.82,3151.16,3390.22,0.558454,0.833188,0.529947,499928,11800000000,310.6707339
752,4770000,1404.62,2875.96,3361.67,0.720248,0.709846,0.394102,229472,3590000000,208.8526158
753,2730000,2823.63,1112.13,3323.44,0.465389,0.756459,0.706728,153520,2060000000,173.4022286
754,4010000,1324.28,1128.61,3347.14,0.81362,0.535917,0.347778,220240,3030000000,197.112992
755,1870000,2610.94,3288.95,3318.4,0.721311,0.640327,0.435228,125544,1410000000,152.8554735
756,3420000,2485.7,989.956,3361.14,0.889533,0.256653,0.430413,203400,2590000000,186.9286321
757,5000000,1977.34,1822.49,3414.99,0.622197,0.730469,0.517207,252368,3790000000,212.1568836
758,3060000,3083.5,2743.2,3368.28,0.610451,0.572761,0.680126,167088,2320000000,180.1251137
759,4320000,2695.82,3123.08,3391.87,0.639989,0.777063,0.463298,210296,3280000000,202.0668361
760,5650000,1466.81,1770.39,3419.69,0.705979,0.54423,0.540252,271592,4300000000,220.9784596
761,2600,962.068,2451.17,3315.88,0.281348,0.757539,0.948667,1264,1980000,17.06049293
762,3560000,3104.66,2891.36,3403,0.679421,0.528744,0.606302,184816,2710000000,189.4452811
763,3090000,2864.92,2990.98,3394.35,0.693011,0.477109,0.643435,171920,2360000000,180.7118446
764,3590000,1623.49,3334.78,3428.07,0.728911,0.559443,0.48457,191720,2750000000,189.9759429
765,8070000,3065.31,1342.66,3448.91,0.495812,0.747835,0.674196,330600,6180000000,248.8618379
766,4352,3372.11,2808.17,3349.83,0.285052,0.732198,0.97644,1856,3340000,20.25645397
767,1940000,2509.13,3163.42,3434.08,0.822751,0.33133,0.534963,134048,1490000000,154.7394454
768,555712,1097.78,1754.16,3397.47,0.546646,0.631543,0.717851,55616,427000000,102.0039644
769,1730000,1241.28,2242.39,3454.22,0.764867,0.479872,0.489991,121152,1330000000,148.9415355
771,2920000,1202.81,2818.23,3471.74,0.831131,0.390358,0.4326,177040,2260000000,177.3351159
772,12536,2058.6,1512.83,3483.92,0.695815,0.402029,0.756625,3880,9690000,28.82173497
773,2384,2184.21,1782,3487.79,0.133258,0.944345,0.917824,1168,1850000,16.57432598
774,7096,2023.23,1569.03,3494.69,0.385302,0.7384,0.832473,2576,5500000,23.84176089
775,6144,2310.75,1356.03,3549.75,0.509437,0.562895,0.871501,2264,4770000,22.72396935
